"Buchungs_ID","Personen_FS","Ankunft","Abreise","Land_FS"
"1","2","2015-05-04 00:00:00","2015-05-05 00:00:00","0"
"6","5","2015-05-15 00:00:00","2015-05-19 00:00:00","0"
"7","6","2015-05-15 00:00:00","2015-05-19 00:00:00","0"
"8","3","2015-05-15 00:00:00","2015-05-19 00:00:00","0"
"9","4","2015-05-15 00:00:00","2015-05-19 00:00:00","0"
"11","7","2015-10-14 00:00:00","2015-10-20 00:00:00","115"
"12","8","2015-09-22 00:00:00","2015-09-25 00:00:00","186"
"13","9","2015-04-30 00:00:00","2015-05-01 00:00:00","186"
"14","10","2015-08-08 00:00:00","2015-08-09 00:00:00","115"
"15","11","2015-06-03 00:00:00","2015-06-04 00:00:00","0"
"17","13","2015-06-17 00:00:00","2015-06-18 00:00:00","0"
"18","14","2015-07-09 00:00:00","2015-07-10 00:00:00","193"
"19","15","2015-04-25 00:00:00","2015-04-26 00:00:00","0"
"20","16","2015-07-17 00:00:00","2015-07-18 00:00:00","115"
"22","18","2015-07-23 00:00:00","2015-07-24 00:00:00","170"
"23","19","2015-09-22 00:00:00","2015-09-24 00:00:00","164"
"24","20","2015-09-24 00:00:00","2015-09-25 00:00:00","186"
"25","22","2015-10-01 00:00:00","2015-10-02 00:00:00","186"
"26","25","2015-05-15 00:00:00","2015-05-16 00:00:00","0"
"27","26","2015-05-06 00:00:00","2015-05-20 00:00:00","0"
"29","28","2015-12-01 00:00:00","2015-12-03 00:00:00","138"
"30","30","2015-06-06 00:00:00","2015-06-09 00:00:00","0"
"31","31","2015-06-19 00:00:00","2015-06-20 00:00:00","0"
"32","32","2015-07-01 00:00:00","2015-07-02 00:00:00","198"
"34","33","2015-08-28 00:00:00","2015-08-29 00:00:00","198"
"35","34","2015-08-11 00:00:00","2015-08-17 00:00:00","198"
"36","35","2015-08-19 00:00:00","2015-08-20 00:00:00","198"
"37","36","2015-07-17 00:00:00","2015-08-04 00:00:00","129"
"38","37","2015-06-26 00:00:00","2015-07-04 00:00:00","122"
"39","3","2015-05-15 00:00:00","2015-05-19 00:00:00","0"
"41","40","2015-06-27 00:00:00","2015-06-28 00:00:00","193"
"42","41","2015-06-26 00:00:00","2015-06-27 00:00:00","0"
"43","42","2015-07-08 00:00:00","2015-07-09 00:00:00","115"
"44","43","2015-08-26 00:00:00","2015-08-27 00:00:00","186"
"45","44","2015-08-27 00:00:00","2015-08-29 00:00:00","186"
"48","47","2015-10-19 00:00:00","2015-10-22 00:00:00","198"
"49","48","2015-10-11 00:00:00","2015-10-13 00:00:00","115"
"50","50","2015-07-11 00:00:00","2015-07-12 00:00:00","198"
"52","51","2015-09-11 00:00:00","2015-09-15 00:00:00","198"
"53","13","2015-06-17 00:00:00","2015-06-18 00:00:00","0"
"55","55","2015-08-26 00:00:00","2015-08-27 00:00:00","186"
"56","27","2015-06-22 00:00:00","2015-06-24 00:00:00","0"
"57","56","2015-08-19 00:00:00","2015-08-20 00:00:00","186"
"59","59","2015-07-03 00:00:00","2015-07-07 00:00:00","115"
"60","60","2015-07-03 00:00:00","2015-07-05 00:00:00","119"
"61","60","1000-01-01 00:00:00","1000-01-01 00:00:00","119"
"62","62","2015-07-06 00:00:00","2015-07-07 00:00:00","186"
"63","62","1000-01-01 00:00:00","1000-01-01 00:00:00","198"
"64","64","2015-07-07 00:00:00","2015-07-08 00:00:00","191"
"65","66","2015-07-10 00:00:00","2015-07-11 00:00:00","191"
"66","70","2015-07-11 00:00:00","2015-07-13 00:00:00","119"
"67","71","2015-07-13 00:00:00","2015-07-14 00:00:00","193"
"68","72","2015-07-13 00:00:00","2015-07-15 00:00:00","186"
"69","74","2015-09-27 00:00:00","2015-09-28 00:00:00","198"
"70","75","2015-07-21 00:00:00","2015-07-22 00:00:00","164"
"72","77","2015-08-16 00:00:00","2015-08-17 00:00:00","170"
"73","78","2015-07-26 00:00:00","2015-07-27 00:00:00","198"
"74","75","2015-07-27 00:00:00","2015-07-28 00:00:00","164"
"75","78","1000-01-01 00:00:00","1000-01-01 00:00:00","198"
"76","78","1000-01-01 00:00:00","1000-01-01 00:00:00","198"
"77","78","1000-01-01 00:00:00","1000-01-01 00:00:00","198"
"78","75","2015-08-02 00:00:00","2015-08-03 00:00:00","164"
"79","75","2015-08-10 00:00:00","2015-08-11 00:00:00","164"
"80","79","2015-08-01 00:00:00","2015-08-05 00:00:00","103"
"81","82","2015-09-24 00:00:00","2015-09-24 00:00:00","198"
"82","62","2015-09-01 00:00:00","2015-09-02 00:00:00","186"
"83","62","2015-09-15 00:00:00","2015-09-16 00:00:00","186"
"84","16","2015-10-18 00:00:00","2015-10-19 00:00:00","115"
"85","85","2015-08-18 00:00:00","2015-08-20 00:00:00","115"
"86","88","2015-09-10 00:00:00","2015-09-15 00:00:00","115"
"87","77","1000-01-01 00:00:00","1000-01-01 00:00:00","198"
"88","95","2015-09-16 00:00:00","2015-09-17 00:00:00","193"
"89","96","2015-08-15 00:00:00","2015-08-24 00:00:00","186"
"90","103","2015-08-26 00:00:00","2015-08-27 00:00:00","198"
"92","106","2015-10-12 00:00:00","2015-10-22 00:00:00","198"
"93","108","2015-10-02 00:00:00","2015-10-09 00:00:00","197"
"94","111","2015-10-04 00:00:00","2015-10-05 00:00:00","198"
"95","112","2015-10-12 00:00:00","2015-10-13 00:00:00","123"
"96","113","2015-10-06 00:00:00","2015-10-07 00:00:00","123"
"97","116","2015-10-02 00:00:00","2015-10-07 00:00:00","198"
"98","117","2015-10-21 00:00:00","2015-10-22 00:00:00","197"
"99","118","2015-09-19 00:00:00","2015-09-22 00:00:00","145"
"100","107","2015-10-12 00:00:00","2015-10-23 00:00:00","198"
"102","25","2015-10-14 00:00:00","2015-10-15 00:00:00","186"
"103","127","2015-10-02 00:00:00","2015-10-09 00:00:00","197"
"104","128","2015-11-06 00:00:00","1000-01-01 00:00:00","198"
"105","130","2015-10-12 00:00:00","2015-10-22 00:00:00","198"
"106","112","2015-11-15 00:00:00","2015-11-16 00:00:00","123"
"107","132","2015-11-07 00:00:00","2015-11-08 00:00:00","115"
"108","133","2015-11-30 00:00:00","2015-12-01 00:00:00","198"
"109","134","2015-12-10 00:00:00","2015-12-11 00:00:00","115"
"110","135","2015-11-04 00:00:00","2015-11-05 00:00:00","164"
"111","139","2015-11-04 00:00:00","2015-11-05 00:00:00","198"
"112","140","2016-05-05 00:00:00","2016-05-08 00:00:00","115"
"113","142","2016-05-04 00:00:00","2016-05-05 00:00:00","198"
"114","142","2016-05-18 00:00:00","2016-05-19 00:00:00","198"
"115","144","2016-07-11 00:00:00","2016-07-12 00:00:00","115"
"116","145","2016-02-13 00:00:00","2016-02-14 00:00:00","123"
"117","147","2015-12-27 00:00:00","2015-12-31 00:00:00","197"
"118","28","1000-01-01 00:00:00","1000-01-01 00:00:00","138"
"119","148","2016-02-07 00:00:00","2016-02-09 00:00:00","123"
"121","149","2016-04-22 00:00:00","2016-04-23 00:00:00","198"
"123","151","2015-12-14 00:00:00","2015-12-15 00:00:00","115"
"124","157","2016-06-05 00:00:00","2016-06-06 00:00:00","198"
"125","158","2016-05-08 00:00:00","2016-05-09 00:00:00","198"
"126","159","2016-04-20 00:00:00","2016-04-21 00:00:00","198"
"127","160","2016-05-22 00:00:00","2016-05-23 00:00:00","198"
"129","165","2016-06-11 00:00:00","2016-06-12 00:00:00","178"
"131","169","2016-05-11 00:00:00","2016-05-12 00:00:00","186"
"132","172","2016-07-04 00:00:00","2016-07-06 00:00:00","193"
"133","173","2016-05-02 00:00:00","2016-05-03 00:00:00","115"
"134","175","2016-06-11 00:00:00","2016-06-14 00:00:00","198"
"136","182","2016-06-12 00:00:00","2016-06-13 00:00:00","170"
"137","184","2016-04-20 00:00:00","2016-04-21 00:00:00","115"
"138","185","2016-04-19 00:00:00","2016-04-21 00:00:00","198"
"139","178","2016-07-09 00:00:00","2016-07-10 00:00:00","198"
"141","148","2016-02-07 00:00:00","2016-02-09 00:00:00","123"
"142","145","2016-02-13 00:00:00","2016-02-14 00:00:00","123"
"143","203","2016-03-29 00:00:00","2016-03-31 00:00:00","198"
"144","167","2016-10-12 00:00:00","2016-10-13 00:00:00","115"
"145","214","2016-06-05 00:00:00","2016-06-09 00:00:00","198"
"146","219","2016-03-09 00:00:00","2016-03-10 00:00:00","198"
"147","220","2016-07-30 00:00:00","2016-07-31 00:00:00","164"
"148","220","2016-08-07 00:00:00","2016-08-08 00:00:00","164"
"149","223","2016-04-19 00:00:00","2016-04-21 00:00:00","198"
"150","116","2016-04-15 00:00:00","2016-04-20 00:00:00","198"
"152","224","2016-06-13 00:00:00","2016-06-16 00:00:00","186"
"153","225","2016-06-14 00:00:00","2016-06-15 00:00:00","198"
"154","226","2016-04-02 00:00:00","2016-04-03 00:00:00","198"
"156","229","2016-03-25 00:00:00","2016-03-26 00:00:00","115"
"157","232","2016-07-16 00:00:00","2016-07-18 00:00:00","115"
"159","234","2016-04-09 00:00:00","2016-04-11 00:00:00","138"
"161","235","2016-04-21 00:00:00","2016-04-23 00:00:00","138"
"162","235","2016-04-23 00:00:00","2016-04-25 00:00:00","138"
"163","71","2016-08-22 00:00:00","2016-08-23 00:00:00","178"
"164","236","2016-07-09 00:00:00","2016-07-10 00:00:00","123"
"165","239","2016-07-13 00:00:00","2016-07-14 00:00:00","115"
"166","244","2016-05-09 00:00:00","2016-05-10 00:00:00","115"
"167","245","2016-06-10 00:00:00","2016-06-11 00:00:00","198"
"168","246","2016-08-21 00:00:00","2016-08-22 00:00:00","186"
"169","252","2016-05-27 00:00:00","2016-06-02 00:00:00","193"
"170","254","2016-05-13 00:00:00","2016-05-15 00:00:00","115"
"171","255","2016-06-03 00:00:00","2016-06-07 00:00:00","198"
"172","258","2016-05-26 00:00:00","2016-05-30 00:00:00","115"
"173","71","2016-06-08 00:00:00","2016-06-09 00:00:00","186"
"174","259","2016-05-06 00:00:00","2016-05-07 00:00:00","186"
"175","263","2016-05-22 00:00:00","2016-05-24 00:00:00","115"
"176","264","2016-06-09 00:00:00","2016-06-12 00:00:00","198"
"177","264","2016-06-13 00:00:00","2016-06-15 00:00:00","198"
"178","266","2016-05-20 00:00:00","2016-05-23 00:00:00","115"
"179","177","2016-10-31 00:00:00","2016-11-02 00:00:00","198"
"182","270","2016-08-16 00:00:00","2016-08-17 00:00:00","103"
"183","271","2016-05-06 00:00:00","2016-05-07 00:00:00","198"
"184","272","2016-06-08 00:00:00","2016-06-09 00:00:00","198"
"185","273","2016-06-18 00:00:00","2016-06-19 00:00:00","198"
"186","275","2016-09-11 00:00:00","2016-09-12 00:00:00","186"
"187","276","2016-06-01 00:00:00","2016-06-02 00:00:00","138"
"188","277","2016-06-06 00:00:00","2016-06-07 00:00:00","198"
"190","281","2016-07-16 00:00:00","2016-07-17 00:00:00","170"
"191","269","2016-06-15 00:00:00","2016-06-18 00:00:00","115"
"192","282","2016-08-20 00:00:00","2016-08-23 00:00:00","178"
"194","287","2016-06-24 00:00:00","2016-06-25 00:00:00","198"
"195","288","2016-06-03 00:00:00","2016-06-04 00:00:00","198"
"197","298","2016-07-02 00:00:00","2016-07-04 00:00:00","198"
"200","300","2016-07-24 00:00:00","2016-07-25 00:00:00","115"
"202","305","2016-07-14 00:00:00","2016-07-15 00:00:00","123"
"203","308","2016-08-16 00:00:00","2016-08-20 00:00:00","191"
"204","309","2016-06-13 00:00:00","2016-06-14 00:00:00","198"
"205","311","2016-08-29 00:00:00","2016-08-30 00:00:00","170"
"206","16","2016-06-18 00:00:00","2016-06-19 00:00:00","115"
"207","315","2016-09-01 00:00:00","2016-09-10 00:00:00","115"
"208","317","2016-07-01 00:00:00","2016-07-03 00:00:00","106"
"209","329","2016-06-24 00:00:00","2016-06-26 00:00:00","186"
"210","329","2016-06-26 00:00:00","2016-06-27 00:00:00","186"
"211","321","2016-06-21 00:00:00","2016-06-23 00:00:00","129"
"212","330","2016-07-28 00:00:00","2016-08-16 00:00:00","145"
"213","283","2016-06-15 00:00:00","2016-06-18 00:00:00","129"
"215","343","2016-10-11 00:00:00","2016-10-12 00:00:00","198"
"217","346","2016-10-05 00:00:00","2016-10-06 00:00:00","198"
"218","348","2016-09-07 00:00:00","2016-09-08 00:00:00","198"
"221","352","2016-07-11 00:00:00","2016-07-13 00:00:00","198"
"222","71","2016-09-02 00:00:00","2016-09-03 00:00:00","197"
"223","252","2016-06-28 00:00:00","2016-06-30 00:00:00","193"
"224","299","2016-07-28 00:00:00","2016-07-29 00:00:00","164"
"225","353","2016-09-27 00:00:00","2016-09-28 00:00:00","197"
"226","357","2016-09-07 00:00:00","2016-09-08 00:00:00","198"
"227","359","2016-09-17 00:00:00","2016-09-18 00:00:00","198"
"228","360","2016-08-23 00:00:00","2016-08-24 00:00:00","186"
"229","361","2016-08-19 00:00:00","2016-08-28 00:00:00","115"
"231","362","2016-08-14 00:00:00","1000-01-01 00:00:00","198"
"232","362","2016-08-04 00:00:00","1000-01-01 00:00:00","198"
"233","369","2016-10-03 00:00:00","2016-10-05 00:00:00","198"
"234","370","2016-09-19 00:00:00","2016-09-20 00:00:00","115"
"235","372","2016-09-03 00:00:00","2016-09-04 00:00:00","198"
"236","374","2017-08-15 00:00:00","2017-08-17 00:00:00","115"
"237","375","2016-09-18 00:00:00","2016-09-19 00:00:00","198"
"238","147","2016-12-27 00:00:00","2016-12-30 00:00:00","197"
"239","376","2017-01-06 00:00:00","2017-01-11 00:00:00","115"
"240","377","2016-09-03 00:00:00","2016-09-09 00:00:00","115"
"241","379","2016-08-28 00:00:00","2016-08-29 00:00:00","198"
"242","380","2017-04-19 00:00:00","2017-04-20 00:00:00","198"
"243","381","2016-10-09 00:00:00","2016-10-10 00:00:00","198"
"244","361","2016-09-02 00:00:00","2016-09-04 00:00:00","115"
"245","116","2016-10-07 00:00:00","2016-10-12 00:00:00","198"
"246","386","2016-10-26 00:00:00","2016-10-29 00:00:00","115"
"247","361","2016-09-06 00:00:00","2016-09-07 00:00:00","115"
"248","387","2016-10-05 00:00:00","2016-10-11 00:00:00","198"
"249","107","2016-10-10 00:00:00","1000-01-01 00:00:00","198"
"250","393","2016-09-15 00:00:00","2016-09-18 00:00:00","198"
"251","395","2016-10-09 00:00:00","1000-01-01 00:00:00","198"
"252","16","2016-10-07 00:00:00","2016-10-08 00:00:00","115"
"253","398","2016-10-05 00:00:00","2016-10-06 00:00:00","198"
"255","137","2016-12-04 00:00:00","2016-12-05 00:00:00","176"
"256","431","2016-11-04 00:00:00","2016-11-05 00:00:00","198"
"257","428","2016-12-07 00:00:00","2016-12-08 00:00:00","198"
"258","434","2017-04-17 00:00:00","2017-04-18 00:00:00","198"
"259","144","2017-07-10 00:00:00","2017-07-11 00:00:00","115"
"260","435","2017-04-01 00:00:00","2017-04-02 00:00:00","123"
"261","448","2017-05-22 00:00:00","2017-05-23 00:00:00","198"
"262","452","2017-04-01 00:00:00","2017-04-04 00:00:00","115"
"263","453","2017-05-05 00:00:00","2017-05-06 00:00:00","198"
"264","88","2017-03-24 00:00:00","2017-03-28 00:00:00","115"
"265","172","2017-07-15 00:00:00","2017-07-17 00:00:00","193"
"266","462","2017-06-13 00:00:00","2017-06-14 00:00:00","193"
"267","463","2017-03-13 00:00:00","2017-03-16 00:00:00","193"
"268","464","2017-04-14 00:00:00","2017-04-16 00:00:00","198"
"269","451","2017-07-06 00:00:00","2017-07-07 00:00:00","197"
"270","443","2017-04-01 00:00:00","2017-04-13 00:00:00","198"
"272","501","2017-06-19 00:00:00","2017-06-20 00:00:00","115"
"273","504","2017-07-26 00:00:00","2017-07-27 00:00:00","115"
"274","505","2017-06-25 00:00:00","2017-06-26 00:00:00","198"
"275","510","2017-04-28 00:00:00","2017-04-29 00:00:00","198"
"276","511","2017-05-13 00:00:00","2017-05-14 00:00:00","198"
"277","490","2017-06-29 00:00:00","2017-07-02 00:00:00","115"
"278","512","2017-04-11 00:00:00","2017-04-13 00:00:00","198"
"279","255","2017-06-02 00:00:00","2017-06-06 00:00:00","198"
"280","517","2017-05-19 00:00:00","2017-05-21 00:00:00","115"
"281","465","2017-08-02 00:00:00","2017-08-03 00:00:00","115"
"282","518","2017-05-30 00:00:00","2017-06-01 00:00:00","115"
"283","244","2017-05-31 00:00:00","2017-06-03 00:00:00","115"
"284","116","2017-04-14 00:00:00","2017-04-19 00:00:00","198"
"285","230","2017-06-30 00:00:00","2017-07-11 00:00:00","180"
"286","512","2017-04-07 00:00:00","2017-04-11 00:00:00","198"
"287","512","2017-04-04 00:00:00","2017-04-06 00:00:00","198"
"288","531","2017-03-07 00:00:00","2017-03-08 00:00:00","198"
"289","534","2017-03-10 00:00:00","2017-03-12 00:00:00","198"
"290","254","2017-05-05 00:00:00","2017-05-07 00:00:00","115"
"291","536","2017-08-07 00:00:00","2017-08-08 00:00:00","115"
"292","538","2017-07-19 00:00:00","2017-07-25 00:00:00","198"
"293","539","2017-06-04 00:00:00","2017-06-05 00:00:00","198"
"294","543","2017-03-13 00:00:00","2017-03-17 00:00:00","198"
"295","492","2017-04-07 00:00:00","2017-04-08 00:00:00","198"
"296","546","2017-08-13 00:00:00","2017-08-14 00:00:00","186"
"297","497","2017-07-03 00:00:00","2017-07-06 00:00:00","122"
"298","548","2017-03-19 00:00:00","1000-01-01 00:00:00","198"
"299","549","2017-08-04 00:00:00","2017-08-06 00:00:00","115"
"300","551","2017-03-31 00:00:00","2017-04-03 00:00:00","198"
"301","552","2017-06-06 00:00:00","2017-06-08 00:00:00","193"
"302","553","2017-08-05 00:00:00","2017-08-08 00:00:00","115"
"303","554","2017-08-05 00:00:00","2017-08-08 00:00:00","164"
"304","555","2017-08-05 00:00:00","2017-08-08 00:00:00","115"
"305","556","2017-08-05 00:00:00","2017-08-08 00:00:00","115"
"306","557","2017-08-03 00:00:00","2017-08-06 00:00:00","115"
"307","259","2017-05-23 00:00:00","2017-05-24 00:00:00","186"
"308","16","2017-07-23 00:00:00","2017-07-24 00:00:00","115"
"309","569","2017-04-26 00:00:00","2017-04-27 00:00:00","198"
"310","570","2017-06-09 00:00:00","2017-06-10 00:00:00","198"
"311","571","2017-07-25 00:00:00","2017-07-29 00:00:00","198"
"312","572","2017-05-26 00:00:00","2017-05-27 00:00:00","115"
"313","573","2017-07-26 00:00:00","2017-07-29 00:00:00","115"
"315","579","2017-06-24 00:00:00","2017-06-26 00:00:00","198"
"316","581","2017-09-09 00:00:00","2017-09-15 00:00:00","115"
"317","588","2017-05-17 00:00:00","2017-05-19 00:00:00","198"
"318","593","2017-04-15 00:00:00","2017-04-16 00:00:00","198"
"319","596","2017-05-24 00:00:00","2017-05-25 00:00:00","198"
"320","398","2017-04-26 00:00:00","2017-04-27 00:00:00","198"
"321","605","2017-06-14 00:00:00","2017-06-15 00:00:00","198"
"322","613","2017-06-02 00:00:00","2017-06-03 00:00:00","197"
"324","614","2017-06-03 00:00:00","2017-06-04 00:00:00","198"
"326","616","2017-05-16 00:00:00","2017-05-17 00:00:00","197"
"327","617","2017-06-10 00:00:00","2017-06-11 00:00:00","198"
"328","214","2017-05-28 00:00:00","2017-06-01 00:00:00","198"
"329","619","2017-05-01 00:00:00","2017-05-02 00:00:00","191"
"331","621","2017-08-18 00:00:00","2017-08-19 00:00:00","115"
"332","623","2017-06-14 00:00:00","1000-01-01 00:00:00","198"
"333","624","2017-06-12 00:00:00","2017-06-13 00:00:00","198"
"334","628","2017-05-08 00:00:00","2017-05-10 00:00:00","198"
"335","638","2017-05-14 00:00:00","1000-01-01 00:00:00","198"
"336","641","2017-06-10 00:00:00","2017-06-11 00:00:00","198"
"337","642","2017-09-13 00:00:00","2017-09-14 00:00:00","198"
"338","646","2017-05-29 00:00:00","2017-05-30 00:00:00","198"
"339","648","2017-06-03 00:00:00","2017-06-04 00:00:00","198"
"340","649","2017-07-18 00:00:00","2017-07-20 00:00:00","198"
"341","650","2017-07-12 00:00:00","2017-07-18 00:00:00","198"
"342","654","2017-06-28 00:00:00","2017-06-29 00:00:00","198"
"343","662","2017-09-04 00:00:00","2017-09-05 00:00:00","198"
"344","663","2017-05-24 00:00:00","2017-05-26 00:00:00","102"
"345","666","2017-06-16 00:00:00","2017-06-17 00:00:00","198"
"347","672","2017-05-28 00:00:00","2017-05-30 00:00:00","103"
"348","673","2017-08-19 00:00:00","2017-08-20 00:00:00","198"
"350","680","2017-07-26 00:00:00","2017-08-03 00:00:00","198"
"351","682","2017-06-05 00:00:00","1000-01-01 00:00:00","198"
"352","683","2017-06-04 00:00:00","2017-06-06 00:00:00","198"
"353","252","2017-06-20 00:00:00","2017-06-21 00:00:00","198"
"354","690","2017-06-23 00:00:00","2017-06-24 00:00:00","198"
"355","691","2017-06-28 00:00:00","2017-06-29 00:00:00","198"
"356","693","2017-08-22 00:00:00","2017-08-24 00:00:00","138"
"357","678","2017-09-25 00:00:00","2017-09-26 00:00:00","197"
"358","601","2017-07-30 00:00:00","2017-07-31 00:00:00","164"
"359","683","2017-06-09 00:00:00","2017-06-13 00:00:00","198"
"360","668","2017-09-09 00:00:00","2017-09-15 00:00:00","115"
"361","708","2017-06-30 00:00:00","2017-07-02 00:00:00","198"
"362","683","2017-06-18 00:00:00","2017-06-20 00:00:00","198"
"363","653","2017-09-04 00:00:00","2017-09-06 00:00:00","198"
"364","717","2017-08-02 00:00:00","2017-08-06 00:00:00","198"
"365","464","2017-09-29 00:00:00","2017-10-01 00:00:00","198"
"366","724","2017-06-26 00:00:00","2017-06-28 00:00:00","198"
"367","725","2017-07-20 00:00:00","2017-07-21 00:00:00","170"
"368","726","2017-07-22 00:00:00","2017-07-23 00:00:00","186"
"369","683","2017-06-25 00:00:00","2017-06-26 00:00:00","198"
"370","683","2017-06-27 00:00:00","2017-06-28 00:00:00","198"
"371","734","2017-07-01 00:00:00","2017-07-02 00:00:00","198"
"372","743","2017-08-02 00:00:00","2017-08-03 00:00:00","115"
"374","512","2017-10-10 00:00:00","2017-10-12 00:00:00","115"
"375","748","2017-09-20 00:00:00","2017-09-21 00:00:00","198"
"376","749","2017-10-25 00:00:00","2017-10-26 00:00:00","198"
"378","766","2017-07-17 00:00:00","1000-01-01 00:00:00","198"
"379","767","2017-07-17 00:00:00","1000-01-01 00:00:00","198"
"380","772","2017-07-13 00:00:00","2017-07-19 00:00:00","198"
"381","779","2017-07-22 00:00:00","1000-01-01 00:00:00","198"
"382","782","2017-07-24 00:00:00","1000-01-01 00:00:00","198"
"383","36","2017-08-06 00:00:00","2017-08-10 00:00:00","198"
"384","791","2017-08-30 00:00:00","2017-08-31 00:00:00","198"
"385","792","2017-09-05 00:00:00","2017-09-07 00:00:00","115"
"386","797","2017-08-22 00:00:00","2017-08-23 00:00:00","197"
"387","800","2017-09-27 00:00:00","2017-09-29 00:00:00","115"
"388","806","2017-08-27 00:00:00","1000-01-01 00:00:00","198"
"389","807","2017-09-06 00:00:00","2017-09-10 00:00:00","176"
"390","810","2017-09-17 00:00:00","2017-09-19 00:00:00","198"
"391","811","2017-10-30 00:00:00","2017-11-01 00:00:00","198"
"392","816","2017-10-06 00:00:00","2017-10-11 00:00:00","198"
"393","817","2017-10-08 00:00:00","2017-10-18 00:00:00","198"
"394","337","2017-10-05 00:00:00","2017-10-11 00:00:00","186"
"395","822","2017-09-18 00:00:00","1000-01-01 00:00:00","198"
"396","823","2017-09-15 00:00:00","2017-09-20 00:00:00","178"
"397","814","2017-10-25 00:00:00","2017-10-26 00:00:00","198"
"399","830","2017-10-28 00:00:00","2017-10-30 00:00:00","198"
"401","374","2018-08-23 00:00:00","2018-08-25 00:00:00","115"
"402","655","2018-06-18 00:00:00","2018-06-21 00:00:00","198"
"404","846","2017-09-29 00:00:00","2017-10-03 00:00:00","198"
"405","857","2017-11-07 00:00:00","2017-11-09 00:00:00","142"
"406","145","2018-05-25 00:00:00","2018-05-27 00:00:00","123"
"408","870","2017-11-22 00:00:00","2017-11-24 00:00:00","142"
"409","875","2017-12-13 00:00:00","2017-12-14 00:00:00","198"
"410","877","2017-10-27 00:00:00","2017-10-28 00:00:00","186"
"411","881","2018-09-26 00:00:00","2018-09-27 00:00:00","115"
"413","868","2018-09-05 00:00:00","2018-09-07 00:00:00","193"
"414","652","2018-10-08 00:00:00","2018-10-09 00:00:00","115"
"415","920","2018-03-17 00:00:00","2018-03-18 00:00:00","198"
"416","921","2018-04-13 00:00:00","2018-04-16 00:00:00","105"
"417","923","2018-04-17 00:00:00","2018-04-19 00:00:00","198"
"420","172","2018-07-21 00:00:00","2018-07-23 00:00:00","193"
"423","934","2018-03-29 00:00:00","2018-04-04 00:00:00","198"
"424","254","2018-05-18 00:00:00","2018-05-20 00:00:00","115"
"425","933","2018-06-25 00:00:00","2018-06-27 00:00:00","171"
"426","943","2018-06-01 00:00:00","2018-06-06 00:00:00","115"
"427","944","2018-06-11 00:00:00","2018-06-14 00:00:00","115"
"428","165","2018-06-16 00:00:00","2018-06-17 00:00:00","178"
"430","464","2018-04-06 00:00:00","2018-04-08 00:00:00","198"
"431","954","2018-06-11 00:00:00","2018-06-14 00:00:00","198"
"432","955","2018-03-31 00:00:00","2018-04-01 00:00:00","178"
"433","956","2018-06-17 00:00:00","2018-06-19 00:00:00","198"
"435","88","2018-04-13 00:00:00","2018-04-18 00:00:00","115"
"436","230","2018-08-07 00:00:00","2018-08-08 00:00:00","105"
"437","962","2018-07-24 00:00:00","2018-07-26 00:00:00","115"
"438","96","2018-05-04 00:00:00","2018-05-08 00:00:00","186"
"439","96","2018-05-09 00:00:00","2018-05-13 00:00:00","186"
"440","96","2018-05-24 00:00:00","2018-05-30 00:00:00","186"
"441","96","2018-06-02 00:00:00","2018-06-05 00:00:00","186"
"442","965","2018-04-30 00:00:00","2018-05-01 00:00:00","105"
"443","259","2018-05-01 00:00:00","2018-05-02 00:00:00","186"
"444","46","2018-05-14 00:00:00","2018-05-16 00:00:00","198"
"445","464","2018-09-21 00:00:00","2018-09-23 00:00:00","198"
"447","978","2018-08-04 00:00:00","2018-08-07 00:00:00","198"
"448","979","2018-04-11 00:00:00","2018-04-13 00:00:00","198"
"449","932","2018-08-12 00:00:00","2018-08-14 00:00:00","186"
"450","620","2018-05-22 00:00:00","2018-05-27 00:00:00","198"
"451","981","2018-10-04 00:00:00","2018-10-07 00:00:00","123"
"453","984","2018-06-25 00:00:00","2018-06-28 00:00:00","115"
"454","985","2018-07-27 00:00:00","2018-07-28 00:00:00","115"
"455","993","2018-05-08 00:00:00","2018-05-09 00:00:00","198"
"456","994","2018-05-15 00:00:00","2018-05-17 00:00:00","198"
"457","995","2018-06-17 00:00:00","2018-06-18 00:00:00","198"
"458","798","2018-04-02 00:00:00","2018-04-03 00:00:00","115"
"459","1001","2018-08-03 00:00:00","2018-08-04 00:00:00","115"
"460","1003","2018-05-02 00:00:00","2018-05-03 00:00:00","198"
"462","997","2018-07-01 00:00:00","2018-07-02 00:00:00","198"
"463","1007","2018-08-27 00:00:00","2018-08-28 00:00:00","198"
"464","1013","2018-05-01 00:00:00","2018-05-02 00:00:00","186"
"465","1015","2018-05-08 00:00:00","2018-05-10 00:00:00","198"
"466","798","2018-04-14 00:00:00","2018-04-15 00:00:00","198"
"467","1020","2018-06-01 00:00:00","2018-06-03 00:00:00","129"
"468","1021","1000-01-01 00:00:00","1000-01-01 00:00:00","164"
"469","1022","2018-09-05 00:00:00","2018-09-06 00:00:00","198"
"471","96","2018-10-11 00:00:00","2018-10-17 00:00:00","186"
"472","96","2018-09-06 00:00:00","2018-09-13 00:00:00","186"
"473","1035","2018-07-28 00:00:00","2018-08-04 00:00:00","198"
"474","601","2018-07-21 00:00:00","2018-07-22 00:00:00","164"
"475","1038","2018-07-11 00:00:00","2018-07-12 00:00:00","178"
"476","1040","2018-06-02 00:00:00","2018-06-06 00:00:00","198"
"477","1041","2018-06-15 00:00:00","2018-06-16 00:00:00","198"
"478","1044","2018-05-18 00:00:00","2018-05-20 00:00:00","198"
"479","1046","2018-06-27 00:00:00","2018-06-30 00:00:00","191"
"480","1055","2018-07-13 00:00:00","2018-07-14 00:00:00","197"
"481","1057","2018-07-02 00:00:00","2018-07-03 00:00:00","198"
"482","1059","2018-10-12 00:00:00","2018-10-13 00:00:00","198"
"483","1063","2018-06-04 00:00:00","2018-06-05 00:00:00","170"
"484","16","2018-07-20 00:00:00","2018-07-21 00:00:00","115"
"487","1076","2018-05-19 00:00:00","2018-05-21 00:00:00","198"
"488","678","2018-09-17 00:00:00","2018-09-18 00:00:00","142"
"489","678","2018-09-18 00:00:00","2018-09-19 00:00:00","142"
"490","1080","2018-06-20 00:00:00","2018-06-21 00:00:00","198"
"491","1082","2018-05-23 00:00:00","2018-05-28 00:00:00","197"
"492","683","2018-05-26 00:00:00","2018-05-29 00:00:00","198"
"493","1082","2018-05-28 00:00:00","2018-05-30 00:00:00","133"
"494","1090","2018-06-27 00:00:00","2018-07-04 00:00:00","191"
"495","1100","2018-08-27 00:00:00","2018-08-29 00:00:00","198"
"497","1101","2018-07-15 00:00:00","2018-07-16 00:00:00","198"
"498","1103","2018-06-11 00:00:00","2018-06-12 00:00:00","115"
"499","1106","2018-07-09 00:00:00","2018-07-11 00:00:00","115"
"500","1111","2018-09-04 00:00:00","2018-09-06 00:00:00","115"
"502","1115","2018-08-26 00:00:00","2018-08-27 00:00:00","198"
"504","1117","2018-08-25 00:00:00","2018-08-27 00:00:00","198"
"505","683","2018-06-16 00:00:00","2018-06-19 00:00:00","198"
"506","1123","2018-06-30 00:00:00","2018-07-01 00:00:00","198"
"508","1126","2018-06-20 00:00:00","1000-01-01 00:00:00","198"
"509","1129","2018-08-09 00:00:00","2018-08-11 00:00:00","170"
"510","1131","2018-07-06 00:00:00","2018-07-11 00:00:00","186"
"511","1137","2018-08-25 00:00:00","2018-08-27 00:00:00","198"
"512","1141","2018-05-30 00:00:00","2018-07-01 00:00:00","198"
"513","1142","2018-06-29 00:00:00","2018-06-30 00:00:00","198"
"514","994","2018-07-03 00:00:00","2018-07-05 00:00:00","198"
"515","1147","2018-08-01 00:00:00","2018-08-07 00:00:00","115"
"516","1148","2018-08-01 00:00:00","2018-08-06 00:00:00","198"
"517","1149","2018-08-26 00:00:00","2018-08-27 00:00:00","198"
"519","1151","2018-08-21 00:00:00","2018-08-23 00:00:00","198"
"520","1151","2018-10-05 00:00:00","2018-10-10 00:00:00","198"
"521","96","2018-08-15 00:00:00","2018-08-18 00:00:00","186"
"522","96","2018-09-19 00:00:00","2018-09-26 00:00:00","186"
"523","96","2018-10-03 00:00:00","2018-10-11 00:00:00","186"
"524","1153","2018-08-24 00:00:00","2018-08-27 00:00:00","198"
"525","1156","2018-09-08 00:00:00","2018-09-13 00:00:00","198"
"526","1167","2018-07-21 00:00:00","2018-07-22 00:00:00","178"
"527","1167","2018-07-27 00:00:00","2018-07-28 00:00:00","178"
"528","1178","2018-07-25 00:00:00","2018-07-26 00:00:00","197"
"529","811","2018-10-29 00:00:00","2018-10-31 00:00:00","198"
"530","1180","2018-08-05 00:00:00","2018-08-07 00:00:00","198"
"531","1183","2018-09-05 00:00:00","2018-09-06 00:00:00","198"
"532","1185","2018-08-22 00:00:00","2018-09-05 00:00:00","115"
"533","1187","2018-08-25 00:00:00","2018-08-27 00:00:00","198"
"534","1190","2018-09-12 00:00:00","2018-09-13 00:00:00","198"
"535","1194","2018-09-03 00:00:00","2018-09-04 00:00:00","198"
"536","1205","2018-08-26 00:00:00","2018-08-31 00:00:00","142"
"537","1209","2018-10-10 00:00:00","2018-10-18 00:00:00","198"
"538","1210","2018-10-08 00:00:00","2018-10-18 00:00:00","198"
"539","1219","2018-10-09 00:00:00","2018-10-11 00:00:00","197"
"540","1220","2018-09-21 00:00:00","2018-10-01 00:00:00","198"
"541","1221","2018-10-01 00:00:00","2018-10-02 00:00:00","198"
"542","1222","2018-09-28 00:00:00","2018-09-30 00:00:00","198"
"543","1222","2018-09-30 00:00:00","2018-10-02 00:00:00","198"
"544","1225","2018-09-06 00:00:00","2018-09-11 00:00:00","186"
"545","1229","2018-10-06 00:00:00","2018-10-07 00:00:00","198"
"546","1205","2018-09-15 00:00:00","2018-09-17 00:00:00","198"
"547","1205","2018-09-24 00:00:00","2018-09-25 00:00:00","198"
"548","423","2018-10-14 00:00:00","2018-10-15 00:00:00","198"
"549","1243","2018-11-23 00:00:00","2018-11-25 00:00:00","198"
"550","423","2018-10-20 00:00:00","2018-10-21 00:00:00","198"
"551","423","2018-10-31 00:00:00","2018-11-01 00:00:00","198"
"552","1205","2018-10-29 00:00:00","2018-11-06 00:00:00","126"
"553","1254","2019-04-13 00:00:00","2019-04-14 00:00:00","123"
"554","1192","2019-04-12 00:00:00","2019-04-17 00:00:00","198"
"555","1256","2019-05-13 00:00:00","2019-05-15 00:00:00","198"
"556","1213","2019-05-06 00:00:00","2019-05-07 00:00:00","186"
"558","172","2019-06-30 00:00:00","2019-07-02 00:00:00","198"
"559","1268","2019-06-12 00:00:00","2019-06-18 00:00:00","176"
"561","1264","2019-07-19 00:00:00","2019-07-20 00:00:00","115"
"562","1287","2019-10-13 00:00:00","2019-10-16 00:00:00","115"
"563","1146","2019-06-04 00:00:00","2019-06-06 00:00:00","198"
"564","1146","2019-07-02 00:00:00","2019-07-04 00:00:00","198"
"565","1262","2019-05-28 00:00:00","2019-05-29 00:00:00","198"
"566","1309","2019-06-16 00:00:00","2019-06-20 00:00:00","161"
"567","1308","2019-09-27 00:00:00","2019-09-28 00:00:00","198"
"568","1262","2019-05-29 00:00:00","2019-05-30 00:00:00","198"
"569","1261","2019-03-20 00:00:00","2019-03-21 00:00:00","115"
"570","1316","2019-06-18 00:00:00","2019-06-21 00:00:00","193"
"571","1317","2019-06-02 00:00:00","2019-06-03 00:00:00","115"
"572","1151","2019-04-12 00:00:00","2019-04-17 00:00:00","198"
"573","1151","2019-10-11 00:00:00","2019-10-16 00:00:00","198"
"574","1273","2019-03-16 00:00:00","2019-03-17 00:00:00","215"
"575","1328","2019-03-15 00:00:00","2019-03-18 00:00:00","198"
"576","1325","2019-04-21 00:00:00","2019-04-25 00:00:00","115"
"577","1269","2019-09-23 00:00:00","2019-09-25 00:00:00","115"
"578","1329","2019-06-24 00:00:00","2019-06-25 00:00:00","145"
"579","933","2019-06-25 00:00:00","2019-06-26 00:00:00","0"
"580","1335","2019-02-18 00:00:00","2019-02-19 00:00:00","0"
"581","1335","1000-01-01 00:00:00","1000-01-01 00:00:00","0"
"582","254","2019-05-10 00:00:00","2019-05-12 00:00:00","115"
"583","1330","2019-07-14 00:00:00","2019-07-15 00:00:00","191"
"584","96","2019-04-25 00:00:00","2019-04-30 00:00:00","186"
"585","1342","2019-06-24 00:00:00","2019-06-25 00:00:00","198"
"586","1343","2019-09-02 00:00:00","2019-09-03 00:00:00","198"
"587","423","2019-03-25 00:00:00","2019-03-26 00:00:00","0"
"588","423","1000-01-01 00:00:00","1000-01-01 00:00:00","0"
"589","423","1000-01-01 00:00:00","1000-01-01 00:00:00","0"
"590","423","2019-03-22 00:00:00","2019-03-26 00:00:00","198"
"591","504","2019-07-25 00:00:00","2019-07-26 00:00:00","115"
"592","579","2019-06-29 00:00:00","2019-07-01 00:00:00","198"
"593","596","2019-06-12 00:00:00","2019-06-13 00:00:00","198"
"594","1354","2019-04-30 00:00:00","2019-05-02 00:00:00","138"
"595","1355","2019-07-16 00:00:00","2019-07-23 00:00:00","198"
"596","811","2019-08-26 00:00:00","2019-08-28 00:00:00","198"
"597","1357","2019-05-22 00:00:00","2019-05-24 00:00:00","138"
"598","1358","2019-04-01 00:00:00","2019-04-02 00:00:00","197"
"599","1358","1000-01-01 00:00:00","1000-01-01 00:00:00","0"
"600","252","2019-05-17 00:00:00","2019-05-24 00:00:00","193"
"601","1359","2019-05-24 00:00:00","2019-05-28 00:00:00","115"
"602","1362","2019-06-14 00:00:00","2019-06-16 00:00:00","198"
"603","1367","2019-04-24 00:00:00","2019-04-25 00:00:00","191"
"604","1370","2019-05-13 00:00:00","2019-05-15 00:00:00","198"
"605","1371","2019-05-07 00:00:00","2019-05-08 00:00:00","198"
"606","1372","2019-06-07 00:00:00","2019-06-08 00:00:00","0"
"607","1373","2019-05-28 00:00:00","2019-05-30 00:00:00","115"
"608","1376","2019-06-19 00:00:00","2019-06-20 00:00:00","198"
"609","1377","2019-05-20 00:00:00","2019-05-22 00:00:00","138"
"610","1378","2019-07-04 00:00:00","2019-07-10 00:00:00","198"
"611","1254","1000-01-01 00:00:00","1000-01-01 00:00:00","0"
"612","1380","2019-06-07 00:00:00","2019-06-11 00:00:00","0"
"613","1381","2019-06-23 00:00:00","2019-06-24 00:00:00","115"
"614","1382","2019-10-07 00:00:00","2019-10-08 00:00:00","197"
"615","1383","2019-08-02 00:00:00","2019-08-26 00:00:00","178"
"616","88","2019-05-04 00:00:00","2019-05-08 00:00:00","115"
"617","16","2019-07-12 00:00:00","2019-07-13 00:00:00","115"
"618","937","2019-06-15 00:00:00","2019-06-18 00:00:00","186"
"619","543","1000-01-01 00:00:00","1000-01-01 00:00:00","0"
"620","543","2019-04-16 00:00:00","2019-04-19 00:00:00","0"
"621","543","1000-01-01 00:00:00","1000-01-01 00:00:00","0"
"622","1106","2019-05-07 00:00:00","2019-05-08 00:00:00","115"
"623","1394","2019-07-02 00:00:00","2019-07-04 00:00:00","115"
"624","423","2019-04-27 00:00:00","2019-04-28 00:00:00","136"
"625","620","2019-06-02 00:00:00","2019-06-07 00:00:00","221"
"626","1396","2019-06-21 00:00:00","2019-06-23 00:00:00","198"
"627","1399","2019-06-03 00:00:00","2019-06-04 00:00:00","198"
"628","423","2019-05-05 00:00:00","2019-05-08 00:00:00","115"
"629","423","1000-01-01 00:00:00","1000-01-01 00:00:00","0"
"630","1403","2023-07-15 00:00:00","2023-07-29 00:00:00","0"
"631","1404","2019-05-09 00:00:00","2019-05-10 00:00:00","0"
"632","1406","2019-05-12 00:00:00","2019-05-13 00:00:00","0"
"633","1406","1000-01-01 00:00:00","1000-01-01 00:00:00","0"
"634","423","2019-05-12 00:00:00","2019-05-13 00:00:00","0"
"635","423","1000-01-01 00:00:00","1000-01-01 00:00:00","0"
"636","1370","1000-01-01 00:00:00","1000-01-01 00:00:00","0"
"637","1411","1000-01-01 00:00:00","1000-01-01 00:00:00","0"
"638","423","2019-05-15 00:00:00","1000-01-01 00:00:00","0"
"639","1413","2019-06-04 00:00:00","2019-06-06 00:00:00","198"
"640","1414","2019-06-17 00:00:00","2019-06-18 00:00:00","198"
"641","1423","2019-05-27 00:00:00","2019-05-28 00:00:00","191"
"642","1427","2019-06-16 00:00:00","2019-06-17 00:00:00","198"
"643","1428","2019-06-29 00:00:00","2019-07-01 00:00:00","115"
"644","1429","2019-07-21 00:00:00","2019-07-22 00:00:00","115"
"645","1430","2019-08-05 00:00:00","2019-08-06 00:00:00","115"
"646","423","2019-05-30 00:00:00","2019-06-02 00:00:00","221"
"647","1432","2019-07-15 00:00:00","2019-07-16 00:00:00","198"
"648","423","2019-06-03 00:00:00","2019-06-05 00:00:00","0"
"649","1436","2019-06-10 00:00:00","2019-06-11 00:00:00","0"
"650","1436","1000-01-01 00:00:00","1000-01-01 00:00:00","0"
"651","1440","2019-06-10 00:00:00","2019-06-11 00:00:00","0"
"652","1443","2019-08-25 00:00:00","2019-08-26 00:00:00","115"
"653","1444","2019-07-10 00:00:00","2019-07-20 00:00:00","115"
"654","1445","2019-09-14 00:00:00","2019-09-17 00:00:00","198"
"655","1446","2019-10-16 00:00:00","2019-10-17 00:00:00","114"
"656","1450","2019-06-21 00:00:00","2019-06-22 00:00:00","0"
"657","1396","1000-01-01 00:00:00","1000-01-01 00:00:00","0"
"658","423","2019-06-23 00:00:00","2019-06-24 00:00:00","0"
"659","423","1000-01-01 00:00:00","1000-01-01 00:00:00","0"
"660","1456","2019-10-25 00:00:00","2019-10-29 00:00:00","115"
"661","1462","2019-06-25 00:00:00","2019-06-26 00:00:00","0"
"662","1462","1000-01-01 00:00:00","1000-01-01 00:00:00","0"
"667","1466","2019-06-29 00:00:00","2019-06-30 00:00:00","0"
"668","1466","1000-01-01 00:00:00","1000-01-01 00:00:00","0"
"669","1472","2019-09-29 00:00:00","2019-09-30 00:00:00","178"
"670","1474","2019-09-18 00:00:00","2019-09-19 00:00:00","198"
"671","1479","1000-01-01 00:00:00","1000-01-01 00:00:00","0"
"672","1479","1000-01-01 00:00:00","1000-01-01 00:00:00","0"
"673","1480","2019-07-07 00:00:00","2019-07-09 00:00:00","0"
"674","1501","2019-08-02 00:00:00","2019-08-03 00:00:00","197"
"675","1509","2019-10-01 00:00:00","2019-10-02 00:00:00","171"
"676","1511","2019-09-09 00:00:00","2019-09-10 00:00:00","198"
"677","423","2019-08-03 00:00:00","2019-08-04 00:00:00","115"
"678","1514","2019-08-04 00:00:00","2019-08-05 00:00:00","0"
"679","1514","1000-01-01 00:00:00","1000-01-01 00:00:00","0"
"680","1514","1000-01-01 00:00:00","1000-01-01 00:00:00","0"
"681","1514","1000-01-01 00:00:00","1000-01-01 00:00:00","0"
"682","1519","2019-08-29 00:00:00","2019-09-01 00:00:00","0"
"683","1520","2019-09-18 00:00:00","2019-09-19 00:00:00","115"
"684","1525","2019-09-16 00:00:00","2019-09-19 00:00:00","198"
"685","1526","2019-10-28 00:00:00","2019-10-31 00:00:00","115"
"686","1540","2019-08-26 00:00:00","2019-08-27 00:00:00","0"
"687","1540","1000-01-01 00:00:00","1000-01-01 00:00:00","0"
"688","1541","2019-11-06 00:00:00","2019-11-07 00:00:00","198"
"689","1542","2019-08-29 00:00:00","2019-08-30 00:00:00","0"
"690","1552","2019-09-27 00:00:00","2019-09-29 00:00:00","198"
"691","1512","2019-09-06 00:00:00","2019-09-07 00:00:00","0"
"692","1560","2019-09-16 00:00:00","2019-09-20 00:00:00","178"
"693","1565","2019-10-28 00:00:00","2019-10-29 00:00:00","123"
"694","1566","2019-10-09 00:00:00","2019-10-10 00:00:00","138"
"695","1569","2019-09-15 00:00:00","2019-09-16 00:00:00","0"
"696","1575","2019-08-15 00:00:00","1000-01-01 00:00:00","0"
"697","423","2019-09-01 00:00:00","2019-09-22 00:00:00","0"
"698","423","2019-09-01 00:00:00","1000-01-01 00:00:00","0"
"699","96","2019-10-31 00:00:00","2019-11-01 00:00:00","186"
"700","96","2019-11-01 00:00:00","2019-11-06 00:00:00","186"
"701","1608","2023-03-27 00:00:00","2023-03-28 00:00:00","119"
"702","933","2023-07-05 00:00:00","2023-07-07 00:00:00","171"
"703","1609","2019-10-23 00:00:00","2019-10-24 00:00:00","198"
"704","1151","2023-10-09 00:00:00","2023-10-14 00:00:00","198"
"705","1608","1000-01-01 00:00:00","1000-01-01 00:00:00","0"
"706","1597","2023-07-03 00:00:00","2023-07-04 00:00:00","164"
"707","259","2023-05-05 00:00:00","2023-05-06 00:00:00","186"
"708","1614","2023-09-09 00:00:00","2023-09-10 00:00:00","198"
"709","1618","2019-11-09 00:00:00","2019-11-12 00:00:00","0"
"710","1618","1000-01-01 00:00:00","1000-01-01 00:00:00","0"
"711","1623","2019-12-05 00:00:00","2019-12-08 00:00:00","115"
"712","1624","2023-06-26 00:00:00","2023-06-30 00:00:00","198"
"713","709","1000-01-01 00:00:00","1000-01-01 00:00:00","0"
"714","1151","2023-10-09 00:00:00","2023-10-14 00:00:00","198"
"715","1151","2023-04-10 00:00:00","2023-04-15 00:00:00","198"
"716","1630","2023-05-15 00:00:00","2023-05-19 00:00:00","198"
"717","1634","2023-06-08 00:00:00","2023-06-09 00:00:00","0"
"718","423","2019-12-06 00:00:00","2019-12-09 00:00:00","0"
"719","1635","2019-12-10 00:00:00","2019-12-13 00:00:00","145"
"720","1635","1000-01-01 00:00:00","1000-01-01 00:00:00","0"
"721","1628","2023-08-07 00:00:00","2023-08-10 00:00:00","0"
"722","1638","2023-03-20 00:00:00","2023-03-22 00:00:00","0"
"723","1639","2023-08-04 00:00:00","2023-08-09 00:00:00","0"
"724","1486","2023-08-01 00:00:00","2023-08-03 00:00:00","0"
"725","1640","2023-04-07 00:00:00","2023-04-09 00:00:00","0"
"726","1642","2023-06-10 00:00:00","2023-06-12 00:00:00","0"
"727","1643","2023-06-05 00:00:00","2023-06-06 00:00:00","0"
"728","1644","2023-06-29 00:00:00","2023-06-30 00:00:00","0"
"729","1638","1000-01-01 00:00:00","1000-01-01 00:00:00","0"
"730","1638","2023-03-20 00:00:00","2023-03-22 00:00:00","0"
"731","1646","2023-03-16 00:00:00","2023-03-18 00:00:00","0"
"732","1647","2023-06-05 00:00:00","2023-06-06 00:00:00","0"
"733","1579","2023-04-01 00:00:00","2023-04-02 00:00:00","0"
"734","1648","2023-06-26 00:00:00","2023-06-27 00:00:00","0"
"735","1649","2023-07-29 00:00:00","2023-08-05 00:00:00","0"
"736","1650","2023-06-19 00:00:00","2023-06-24 00:00:00","0"
"737","172","2023-06-13 00:00:00","2023-06-15 00:00:00","0"
"738","1651","2023-03-18 00:00:00","2023-03-19 00:00:00","0"
"739","1652","2023-05-03 00:00:00","2023-05-04 00:00:00","0"
"740","1653","2023-05-21 00:00:00","2023-05-26 00:00:00","0"
"741","1654","2023-03-04 00:00:00","2023-03-11 00:00:00","0"
"742","1655","2023-03-04 00:00:00","2023-03-05 00:00:00","0"
"743","219","2023-03-04 00:00:00","2023-03-05 00:00:00","0"
"744","1656","2023-03-06 00:00:00","2023-03-08 00:00:00","0"
"745","1657","2023-05-15 00:00:00","2023-05-30 00:00:00","0"
"746","1658","2023-04-26 00:00:00","2023-04-27 00:00:00","0"
"747","1659","2023-04-17 00:00:00","2023-04-18 00:00:00","0"
"748","1660","2023-07-25 00:00:00","2023-07-28 00:00:00","0"
"749","1661","2023-04-23 00:00:00","2023-04-25 00:00:00","0"
"750","1662","2023-05-23 00:00:00","2023-05-28 00:00:00","0"
"751","1663","2023-03-17 00:00:00","2023-03-19 00:00:00","0"
"752","1664","2023-05-19 00:00:00","2023-05-20 00:00:00","0"
"753","254","2023-05-29 00:00:00","2023-05-31 00:00:00","0"
"754","1665","2023-03-27 00:00:00","2023-03-29 00:00:00","0"
"755","1666","2023-03-14 00:00:00","2023-03-15 00:00:00","0"
"756","1667","2023-03-18 00:00:00","2023-03-19 00:00:00","0"
"757","1668","2023-06-03 00:00:00","2023-06-04 00:00:00","0"
"758","1669","2023-04-28 00:00:00","2023-04-29 00:00:00","0"
"759","1664","2023-05-19 00:00:00","2023-05-20 00:00:00","0"
"760","1670","2023-06-11 00:00:00","2023-06-20 00:00:00","0"
"761","1671","2023-04-28 00:00:00","2023-05-01 00:00:00","0"
"762","1671","2023-04-29 00:00:00","2023-05-01 00:00:00","0"
"763","1672","2023-06-09 00:00:00","2023-06-11 00:00:00","0"
"764","1673","2023-03-30 00:00:00","2023-04-02 00:00:00","0"
"765","1674","2023-04-20 00:00:00","2023-04-22 00:00:00","0"
"766","1675","2023-04-14 00:00:00","2023-04-16 00:00:00","0"
"767","1675","2023-04-14 00:00:00","2023-04-18 00:00:00","0"
"768","1676","1000-01-01 00:00:00","1000-01-01 00:00:00","0"
"769","1677","2023-03-18 00:00:00","2023-03-19 00:00:00","0"
"770","1678","2023-03-27 00:00:00","2023-03-31 00:00:00","0"
"771","1679","2023-03-18 00:00:00","2023-03-21 00:00:00","0"
"772","1681","2023-03-20 00:00:00","2023-03-23 00:00:00","0"
"773","1681","2023-03-28 00:00:00","2023-03-31 00:00:00","0"
"774","1681","2023-04-02 00:00:00","2023-04-07 00:00:00","0"
"775","1682","2023-09-04 00:00:00","2023-09-11 00:00:00","0"
"776","1684","2023-04-21 00:00:00","2023-04-23 00:00:00","0"
"777","1685","2023-04-25 00:00:00","2023-04-27 00:00:00","0"
"778","1686","2023-04-08 00:00:00","2023-04-09 00:00:00","0"
"779","1687","2023-09-05 00:00:00","2023-09-07 00:00:00","0"
"780","1688","2023-04-10 00:00:00","2023-04-12 00:00:00","0"
"781","1689","2023-09-01 00:00:00","2023-09-02 00:00:00","0"
"782","1690","2023-06-10 00:00:00","2023-06-11 00:00:00","0"
"783","1691","2023-04-22 00:00:00","2023-04-23 00:00:00","0"
"784","1692","2023-04-18 00:00:00","2023-04-20 00:00:00","0"
"785","1693","2023-04-20 00:00:00","2023-04-21 00:00:00","0"
"786","1694","2023-04-26 00:00:00","2023-04-27 00:00:00","0"
"787","1695","2023-10-09 00:00:00","2023-10-24 00:00:00","0"
"788","1696","2023-04-26 00:00:00","2023-04-29 00:00:00","0"
"789","1697","2023-04-26 00:00:00","2023-04-28 00:00:00","0"
"790","1698","2023-04-15 00:00:00","2023-04-17 00:00:00","0"
"791","1700","1000-01-01 00:00:00","1000-01-01 00:00:00","0"
"792","1699","1000-01-01 00:00:00","1000-01-01 00:00:00","0"
"793","1701","2023-06-24 00:00:00","2023-06-25 00:00:00","0"
"794","1702","1000-01-01 00:00:00","1000-01-01 00:00:00","0"
"795","1703","2023-04-28 00:00:00","2023-05-01 00:00:00","0"
"796","1704","1000-01-01 00:00:00","1000-01-01 00:00:00","0"
"797","1705","2023-07-10 00:00:00","2023-07-14 00:00:00","0"
"798","939","1000-01-01 00:00:00","1000-01-01 00:00:00","0"
"799","1706","2023-04-08 00:00:00","2023-04-16 00:00:00","0"
"800","1708","2023-05-01 00:00:00","2023-05-05 00:00:00","0"
"801","1709","2023-06-26 00:00:00","2023-07-01 00:00:00","0"
"802","1671","2023-04-28 00:00:00","2023-05-01 00:00:00","0"
"803","1710","2023-04-28 00:00:00","2023-04-30 00:00:00","0"
"804","1711","1000-01-01 00:00:00","1000-01-01 00:00:00","0"
"805","1713","2023-04-17 00:00:00","2023-04-18 00:00:00","0"
"806","1714","1000-01-01 00:00:00","1000-01-01 00:00:00","0"
"807","1715","1000-01-01 00:00:00","1000-01-01 00:00:00","0"
"808","1717","1000-01-01 00:00:00","1000-01-01 00:00:00","0"
"809","1716","2023-04-15 00:00:00","2023-04-17 00:00:00","0"
"810","1720","2023-06-02 00:00:00","2023-06-05 00:00:00","0"
"811","1721","2023-09-28 00:00:00","2023-09-29 00:00:00","0"
"812","1723","2023-04-14 00:00:00","2023-04-15 00:00:00","0"
"813","1724","1000-01-01 00:00:00","1000-01-01 00:00:00","0"
"814","1725","1000-01-01 00:00:00","1000-01-01 00:00:00","0"
"815","1726","1000-01-01 00:00:00","1000-01-01 00:00:00","0"
"817","1727","2023-06-12 00:00:00","2023-06-13 00:00:00","0"
"818","1728","2023-09-25 00:00:00","2023-09-29 00:00:00","0"
"819","1729","2023-07-08 00:00:00","2023-07-11 00:00:00","0"
"820","811","2023-08-31 00:00:00","2023-09-02 00:00:00","0"
"821","1730","2023-07-23 00:00:00","2023-07-27 00:00:00","0"
"822","88","2023-08-06 00:00:00","2023-08-12 00:00:00","0"
"823","1731","2023-05-27 00:00:00","2023-05-28 00:00:00","0"
"824","1732","2023-05-21 00:00:00","2023-05-23 00:00:00","0"
"825","1733","2023-06-04 00:00:00","2023-06-05 00:00:00","0"
"826","1733","2023-06-18 00:00:00","2023-06-19 00:00:00","0"
"827","1737","2023-04-28 00:00:00","2023-04-29 00:00:00","0"
"828","1738","2023-05-06 00:00:00","2023-05-07 00:00:00","0"
"829","1739","1000-01-01 00:00:00","1000-01-01 00:00:00","0"
"830","1740","2023-06-07 00:00:00","2023-06-08 00:00:00","0"
"831","1741","2023-05-27 00:00:00","2023-06-05 00:00:00","0"
"832","1742","1000-01-01 00:00:00","1000-01-01 00:00:00","0"
"833","1743","2023-06-20 00:00:00","2023-06-21 00:00:00","0"
"834","1744","2023-06-09 00:00:00","2023-06-10 00:00:00","0"
"835","1746","2023-05-21 00:00:00","2023-05-23 00:00:00","0"
"836","1747","2023-09-28 00:00:00","2023-09-29 00:00:00","0"
"837","1749","1000-01-01 00:00:00","1000-01-01 00:00:00","0"
"838","1146","2023-06-01 00:00:00","2023-06-03 00:00:00","0"
"839","1750","2023-07-17 00:00:00","2023-07-20 00:00:00","0"
"840","1751","2023-06-14 00:00:00","2023-06-15 00:00:00","0"
"841","1752","2023-04-28 00:00:00","2023-05-01 00:00:00","0"
"842","1753","2023-05-13 00:00:00","2023-05-14 00:00:00","0"
"843","1754","2023-05-24 00:00:00","2023-05-25 00:00:00","0"
"844","1755","2023-06-26 00:00:00","2023-06-27 00:00:00","0"
"845","1756","1000-01-01 00:00:00","1000-01-01 00:00:00","0"
"846","1758","2023-06-17 00:00:00","2023-06-25 00:00:00","0"
"847","1764","2023-06-08 00:00:00","2023-06-09 00:00:00","0"
"848","1765","2023-06-15 00:00:00","2023-06-16 00:00:00","0"
"849","1766","2023-08-19 00:00:00","2023-08-20 00:00:00","0"
"850","1767","2023-05-18 00:00:00","2023-05-19 00:00:00","0"
"851","1768","2023-06-22 00:00:00","2023-06-23 00:00:00","0"
"852","1769","2023-09-09 00:00:00","2023-09-10 00:00:00","0"
"853","1770","2023-07-10 00:00:00","2023-07-14 00:00:00","0"
"854","1771","2023-06-23 00:00:00","2023-06-25 00:00:00","0"
"855","1772","2023-06-15 00:00:00","2023-06-25 00:00:00","0"
"856","1773","2023-06-06 00:00:00","2023-06-07 00:00:00","0"
"857","1773","2023-06-06 00:00:00","2023-06-07 00:00:00","0"
"858","1774","2023-10-23 00:00:00","2023-10-24 00:00:00","0"
"859","1775","1000-01-01 00:00:00","1000-01-01 00:00:00","0"
"860","1776","2023-06-06 00:00:00","2023-06-07 00:00:00","0"
"861","1778","1000-01-01 00:00:00","1000-01-01 00:00:00","0"
"862","1779","2023-06-10 00:00:00","2023-06-12 00:00:00","0"
"863","1780","2023-07-17 00:00:00","2023-07-20 00:00:00","0"
"864","1781","2023-10-29 00:00:00","2023-10-30 00:00:00","0"
"865","1782","2023-06-01 00:00:00","2023-06-02 00:00:00","0"
"866","1783","1000-01-01 00:00:00","1000-01-01 00:00:00","0"
"867","1784","1000-01-01 00:00:00","1000-01-01 00:00:00","0"
"868","1785","2023-05-23 00:00:00","2023-05-28 00:00:00","0"
"869","1786","2023-06-15 00:00:00","2023-06-16 00:00:00","0"
"870","1787","2023-08-21 00:00:00","2023-08-25 00:00:00","0"
"871","1788","2023-06-26 00:00:00","2023-06-27 00:00:00","0"
"872","1789","2023-06-24 00:00:00","2023-06-25 00:00:00","0"
"873","1790","2023-06-17 00:00:00","2023-06-24 00:00:00","0"
"874","1790","2023-06-17 00:00:00","2023-06-24 00:00:00","0"
"875","1791","2023-05-31 00:00:00","2023-06-01 00:00:00","0"
"876","1782","1000-01-01 00:00:00","1000-01-01 00:00:00","0"
"877","1792","2023-06-01 00:00:00","2023-06-02 00:00:00","0"
"878","1793","2023-06-30 00:00:00","2023-07-01 00:00:00","0"
"879","1794","2023-07-10 00:00:00","2023-07-14 00:00:00","0"
"880","1795","2023-07-14 00:00:00","2023-07-28 00:00:00","0"
"881","1796","2023-06-18 00:00:00","2023-06-24 00:00:00","0"
"882","1797","2023-06-06 00:00:00","2023-06-18 00:00:00","0"
"883","1798","2023-08-06 00:00:00","2023-08-11 00:00:00","0"
"884","1799","2023-06-30 00:00:00","2023-07-01 00:00:00","0"
"885","1801","2023-08-11 00:00:00","2023-08-14 00:00:00","0"
"886","1802","1000-01-01 00:00:00","1000-01-01 00:00:00","0"
"887","1803","1000-01-01 00:00:00","1000-01-01 00:00:00","0"
"888","1804","2023-06-19 00:00:00","2023-06-22 00:00:00","0"
"889","1805","1000-01-01 00:00:00","1000-01-01 00:00:00","0"
"890","1806","2023-06-12 00:00:00","2023-06-13 00:00:00","0"
"891","1808","2023-09-03 00:00:00","2023-09-04 00:00:00","0"
"892","1808","2023-09-06 00:00:00","2023-09-07 00:00:00","0"
"893","1809","2023-06-22 00:00:00","2023-06-23 00:00:00","0"
"894","1810","2023-06-28 00:00:00","2023-06-29 00:00:00","0"
"895","1811","2023-06-20 00:00:00","2023-06-23 00:00:00","0"
"896","1812","2023-06-14 00:00:00","2023-06-18 00:00:00","0"
"897","1813","1000-01-01 00:00:00","1000-01-01 00:00:00","0"
"898","1814","1000-01-01 00:00:00","1000-01-01 00:00:00","0"
"899","1815","2023-07-31 00:00:00","2023-08-03 00:00:00","0"
"900","1816","2023-07-24 00:00:00","2023-08-01 00:00:00","0"
"901","1817","1000-01-01 00:00:00","1000-01-01 00:00:00","0"
"902","1817","2023-06-17 00:00:00","2023-06-24 00:00:00","0"
"903","1818","1000-01-01 00:00:00","1000-01-01 00:00:00","0"
"904","1819","1000-01-01 00:00:00","1000-01-01 00:00:00","0"
"905","1820","2023-06-24 00:00:00","2023-06-25 00:00:00","0"
"906","1821","2023-07-01 00:00:00","2023-07-02 00:00:00","0"
"907","1822","2023-07-27 00:00:00","2023-07-29 00:00:00","0"
"908","1823","2023-07-07 00:00:00","2023-07-09 00:00:00","0"
"909","1824","1000-01-01 00:00:00","1000-01-01 00:00:00","0"
"910","1825","2023-08-30 00:00:00","2023-08-31 00:00:00","0"
"911","1826","1000-01-01 00:00:00","1000-01-01 00:00:00","0"
"912","1827","2023-07-24 00:00:00","2023-07-25 00:00:00","0"
"913","1828","2023-10-11 00:00:00","2023-10-22 00:00:00","0"
"914","1829","2023-07-03 00:00:00","2023-07-04 00:00:00","0"
"915","1831","2023-07-06 00:00:00","2023-07-07 00:00:00","0"
"916","1832","2023-07-21 00:00:00","2023-07-23 00:00:00","0"
"917","1833","2023-09-30 00:00:00","2023-10-07 00:00:00","0"
"918","1835","2023-09-08 00:00:00","2023-09-09 00:00:00","0"
"919","1836","2023-08-18 00:00:00","2023-08-19 00:00:00","0"
"920","1842","2023-07-29 00:00:00","2023-08-10 00:00:00","0"
"921","1842","2023-07-29 00:00:00","2023-08-10 00:00:00","0"
"922","1843","2023-09-07 00:00:00","2023-09-08 00:00:00","0"
"923","1844","2023-07-31 00:00:00","2023-08-03 00:00:00","0"
"924","1845","2023-07-25 00:00:00","2023-07-30 00:00:00","0"
"925","1846","2023-08-22 00:00:00","2023-08-25 00:00:00","0"
"926","1846","2023-09-04 00:00:00","2023-09-06 00:00:00","0"
"927","1804","2023-08-08 00:00:00","2023-08-11 00:00:00","0"
"928","1848","2023-08-12 00:00:00","2023-08-14 00:00:00","0"
"929","1852","2023-10-07 00:00:00","2023-10-08 00:00:00","0"
"930","1855","2023-08-12 00:00:00","2023-08-13 00:00:00","0"
"931","1857","2023-08-11 00:00:00","2023-08-13 00:00:00","0"
"932","1858","2023-07-17 00:00:00","2023-07-20 00:00:00","0"
"933","1859","2023-07-17 00:00:00","2023-07-20 00:00:00","0"
"934","1860","2023-07-17 00:00:00","2023-07-20 00:00:00","0"
"935","1861","2023-07-17 00:00:00","2023-07-20 00:00:00","0"
"936","1862","2023-07-17 00:00:00","2023-07-20 00:00:00","0"
"937","1862","2023-07-17 00:00:00","2023-07-20 00:00:00","0"
"938","1863","1000-01-01 00:00:00","1000-01-01 00:00:00","0"
"939","1864","2023-08-04 00:00:00","2023-08-05 00:00:00","0"
"940","1865","2023-09-18 00:00:00","2023-09-20 00:00:00","0"
"941","1868","2023-08-12 00:00:00","2023-08-13 00:00:00","0"
"942","96","1000-01-01 00:00:00","1000-01-01 00:00:00","0"
"943","1871","2023-09-02 00:00:00","2023-09-04 00:00:00","0"
"944","1872","2023-08-04 00:00:00","2023-08-05 00:00:00","0"
"945","1873","2023-08-25 00:00:00","2023-08-27 00:00:00","0"
"946","1877","2023-08-18 00:00:00","2023-08-20 00:00:00","0"
"947","1878","2001-05-25 00:00:00","2001-05-27 00:00:00","0"
"948","1879","2001-05-15 00:00:00","2001-05-16 00:00:00","0"
"949","1880","2023-09-17 00:00:00","2023-09-21 00:00:00","0"
"950","1881","2023-09-09 00:00:00","2023-09-10 00:00:00","0"
"951","1883","2023-10-06 00:00:00","2023-10-23 00:00:00","0"
"952","1884","2023-08-05 00:00:00","2023-08-06 00:00:00","0"
"953","1889","2023-10-11 00:00:00","2023-10-23 00:00:00","0"
"954","1798","1000-01-01 00:00:00","1000-01-01 00:00:00","0"
"955","1896","2023-10-13 00:00:00","2023-10-15 00:00:00","0"
"956","1897","2023-09-30 00:00:00","2023-10-01 00:00:00","0"
"957","1898","2023-09-11 00:00:00","2023-09-14 00:00:00","0"
"958","1898","2023-09-18 00:00:00","2023-09-21 00:00:00","0"
"959","1899","2023-09-05 00:00:00","2023-09-10 00:00:00","0"
"960","1900","2023-09-18 00:00:00","2023-09-20 00:00:00","0"
"961","1901","2023-10-19 00:00:00","2023-10-20 00:00:00","0"
"962","1903","2023-09-09 00:00:00","2023-09-10 00:00:00","0"
"963","1905","2023-10-20 00:00:00","2023-10-22 00:00:00","0"
"964","1906","2023-10-12 00:00:00","2023-10-22 00:00:00","0"
"965","1907","2023-10-09 00:00:00","2023-10-14 00:00:00","0"
"966","1908","2023-09-18 00:00:00","2023-09-20 00:00:00","0"
"967","1909","2001-03-16 00:00:00","2001-03-18 00:00:00","0"
"968","1911","2023-08-26 00:00:00","2023-08-27 00:00:00","0"
"969","1912","2023-08-26 00:00:00","2023-08-27 00:00:00","0"
"970","1913","2023-08-26 00:00:00","2023-08-27 00:00:00","0"
"971","1915","2023-09-18 00:00:00","2023-09-20 00:00:00","0"
"972","1916","2023-09-19 00:00:00","2023-09-21 00:00:00","0"
"973","1917","2023-10-20 00:00:00","2023-10-22 00:00:00","0"
"974","1918","2023-09-24 00:00:00","2023-09-27 00:00:00","0"
"975","1919","2023-10-11 00:00:00","2023-10-22 00:00:00","0"
"976","1920","2023-09-04 00:00:00","2023-09-05 00:00:00","0"
"977","1921","2023-10-08 00:00:00","2023-10-09 00:00:00","0"
"978","1922","2023-10-05 00:00:00","2023-10-06 00:00:00","0"
"979","1923","2023-10-06 00:00:00","2023-10-08 00:00:00","0"
"980","1924","1000-01-01 00:00:00","1000-01-01 00:00:00","0"
"981","1925","2023-09-25 00:00:00","2023-09-26 00:00:00","0"
"982","1927","2023-10-21 00:00:00","2023-10-22 00:00:00","0"
"983","1928","2023-10-28 00:00:00","2023-10-29 00:00:00","0"
"984","1929","1000-01-01 00:00:00","1000-01-01 00:00:00","0"
"985","1929","1000-01-01 00:00:00","1000-01-01 00:00:00","0"
"986","1930","2023-11-11 00:00:00","2023-11-12 00:00:00","0"
"987","1931","1000-01-01 00:00:00","1000-01-01 00:00:00","0"
"988","1934","2023-09-12 00:00:00","2023-09-15 00:00:00","0"
"989","1935","2001-07-02 00:00:00","2001-07-04 00:00:00","0"
"990","1936","1000-01-01 00:00:00","1000-01-01 00:00:00","0"
"991","1937","2023-10-21 00:00:00","2023-11-01 00:00:00","0"
"992","1938","2023-10-03 00:00:00","2023-10-05 00:00:00","0"
"993","1939","2023-09-22 00:00:00","2023-09-24 00:00:00","0"
"994","1940","2023-09-20 00:00:00","2023-09-22 00:00:00","0"
"995","1941","2023-10-23 00:00:00","2023-10-26 00:00:00","0"
"996","1600","2023-10-16 00:00:00","2023-10-18 00:00:00","0"
"997","1942","2023-09-30 00:00:00","2023-10-01 00:00:00","0"
"998","1635","2023-09-14 00:00:00","2023-09-23 00:00:00","0"
"999","1944","2023-09-21 00:00:00","2023-09-25 00:00:00","0"
"1000","1925","1000-01-01 00:00:00","1000-01-01 00:00:00","0"
"1001","1946","2023-10-16 00:00:00","2023-10-19 00:00:00","0"
"1002","1947","2023-09-29 00:00:00","2023-10-01 00:00:00","0"
"1003","1949","2023-10-23 00:00:00","2023-11-11 00:00:00","0"
"1004","1950","2023-10-17 00:00:00","2023-10-18 00:00:00","0"
"1005","1955","2023-10-14 00:00:00","2023-10-15 00:00:00","0"
"1006","1957","2023-10-16 00:00:00","2023-10-17 00:00:00","0"
"1007","1959","2023-10-20 00:00:00","2023-10-21 00:00:00","0"
"1008","1960","2023-10-19 00:00:00","2023-10-22 00:00:00","0"
"1009","1961","2023-10-12 00:00:00","2023-10-22 00:00:00","0"
"1010","1963","1000-01-01 00:00:00","1000-01-01 00:00:00","0"
"1012","1896","2023-10-13 00:00:00","2023-10-15 00:00:00","0"
"1013","1968","2023-10-16 00:00:00","2023-10-17 00:00:00","0"
"1014","1969","1000-01-01 00:00:00","1000-01-01 00:00:00","0"
"1015","1968","2023-10-18 00:00:00","2023-10-23 00:00:00","0"
"1016","1977","2001-06-19 00:00:00","2001-06-20 00:00:00","0"
"1017","1979","2023-11-06 00:00:00","2023-11-10 00:00:00","0"
"1018","1982","2001-05-14 00:00:00","2001-05-15 00:00:00","0"
"1019","1984","1000-01-01 00:00:00","1000-01-01 00:00:00","0"
"1020","1985","2023-10-23 00:00:00","2023-11-10 00:00:00","0"
"1021","1934","1000-01-01 00:00:00","1000-01-01 00:00:00","0"
"1022","1986","2023-10-25 00:00:00","2023-11-11 00:00:00","0"
"1023","1949","2023-11-01 00:00:00","2023-11-11 00:00:00","0"
"1024","1987","2023-11-01 00:00:00","2023-11-11 00:00:00","0"
"1025","1989","2023-11-11 00:00:00","2023-11-12 00:00:00","0"
"1026","1983","2001-03-23 00:00:00","2001-03-30 00:00:00","0"
"1027","1990","2001-05-07 00:00:00","2001-05-09 00:00:00","0"
"1028","1991","2023-11-19 00:00:00","2023-11-20 00:00:00","0"
"1029","1993","2001-05-09 00:00:00","2001-05-10 00:00:00","0"
"1030","1819","2023-10-24 00:00:00","2023-12-03 00:00:00","0"
"1031","1994","1000-01-01 00:00:00","1000-01-01 00:00:00","0"
"1032","1995","2001-08-04 00:00:00","2001-08-06 00:00:00","0"
"1033","1996","2001-08-05 00:00:00","2001-08-06 00:00:00","0"
"1034","1999","2001-05-19 00:00:00","2001-05-20 00:00:00","0"
"1035","2000","2001-05-05 00:00:00","2001-05-06 00:00:00","0"
"1036","2001","2001-10-11 00:00:00","2001-10-12 00:00:00","0"
"1037","933","2001-06-25 00:00:00","2001-06-27 00:00:00","0"
"1038","172","2001-07-16 00:00:00","2001-07-17 00:00:00","0"
"1039","2002","2001-04-04 00:00:00","2001-04-05 00:00:00","0"
"1040","709","1000-01-01 00:00:00","1000-01-01 00:00:00","0"
"1041","1151","2001-04-17 00:00:00","2001-04-21 00:00:00","0"
"1042","1151","2001-10-08 00:00:00","2001-10-13 00:00:00","0"
"1043","2004","2001-03-03 00:00:00","2001-03-07 00:00:00","0"
"1044","2004","2001-03-17 00:00:00","2001-03-19 00:00:00","0"
"1045","2005","2001-03-23 00:00:00","2001-03-24 00:00:00","0"
"1046","2006","2001-03-16 00:00:00","2001-03-17 00:00:00","0"
"1047","2007","2001-06-15 00:00:00","2001-06-16 00:00:00","0"
"1048","2007","2001-08-16 00:00:00","2001-08-17 00:00:00","0"
"1049","2008","2001-03-09 00:00:00","2001-03-10 00:00:00","0"
"1050","2009","2001-04-11 00:00:00","2001-04-16 00:00:00","0"
"1051","2010","2001-05-31 00:00:00","2001-06-01 00:00:00","0"
"1052","1732","2001-05-14 00:00:00","2001-05-20 00:00:00","0"
"1053","2011","2001-03-17 00:00:00","2001-03-18 00:00:00","0"
"1054","2012","2001-08-11 00:00:00","2001-08-12 00:00:00","0"
"1055","2013","2001-07-01 00:00:00","2001-07-07 00:00:00","0"
"1056","2014","2001-07-17 00:00:00","2001-07-28 00:00:00","0"
"1057","943","2001-06-29 00:00:00","2001-07-13 00:00:00","0"
"1058","2015","2001-07-23 00:00:00","2001-07-24 00:00:00","0"
"1059","2016","2001-05-05 00:00:00","2001-05-06 00:00:00","0"
"1060","2017","2001-08-11 00:00:00","2001-08-12 00:00:00","0"
"1061","2018","2001-06-05 00:00:00","2001-06-09 00:00:00","0"
"1062","2019","2001-03-16 00:00:00","2001-03-17 00:00:00","0"
"1063","2020","2001-03-04 00:00:00","2001-03-30 00:00:00","0"
"1064","2021","2001-09-29 00:00:00","2001-09-30 00:00:00","0"
"1065","2022","2001-05-14 00:00:00","2001-05-15 00:00:00","0"
"1066","2022","1000-01-01 00:00:00","1000-01-01 00:00:00","0"
"1067","2023","2001-08-26 00:00:00","2001-08-27 00:00:00","0"
"1068","2024","2001-03-12 00:00:00","2001-03-29 00:00:00","0"
"1069","2025","2001-02-28 00:00:00","2001-03-01 00:00:00","0"
"1070","2026","2001-10-05 00:00:00","2001-10-07 00:00:00","0"
"1071","2026","2001-10-13 00:00:00","2001-10-18 00:00:00","0"
"1072","2027","2001-06-25 00:00:00","2001-06-29 00:00:00","0"
"1073","2028","2001-05-15 00:00:00","2001-05-19 00:00:00","0"
"1074","2029","2001-05-18 00:00:00","2001-05-20 00:00:00","0"
"1075","2030","2001-04-24 00:00:00","2001-04-26 00:00:00","0"
"1076","2031","2001-04-21 00:00:00","2001-04-22 00:00:00","0"
"1077","2032","2001-04-13 00:00:00","2001-04-20 00:00:00","0"
"1078","2033","2001-03-17 00:00:00","2001-03-18 00:00:00","0"
"1079","2034","2001-04-23 00:00:00","2001-04-27 00:00:00","0"
"1080","2035","2001-05-02 00:00:00","2001-05-03 00:00:00","0"
"1081","2036","2001-05-18 00:00:00","2001-05-21 00:00:00","0"
"1082","2037","2001-07-09 00:00:00","2001-07-13 00:00:00","0"
"1083","2038","2001-04-20 00:00:00","2001-04-22 00:00:00","0"
"1084","2039","2001-04-22 00:00:00","2001-05-08 00:00:00","0"
"1085","2040","2001-03-17 00:00:00","2001-03-19 00:00:00","0"
"1086","2041","1000-01-01 00:00:00","1000-01-01 00:00:00","0"
